,word,frequency
0,happy,13602.0
1,birthday,5055.0
2,to,4489.0
3,i,4439.0
4,you,3874.0
5,the,3492.0
6,and,3005.0
7,a,2873.0
8,so,2605.0
9,for,2023.0
10,my,1706.0
11,of,1531.0
12,be,1497.0
13,is,1424.0
14,that,1409.0
15,me,1385.0
16,im,1318.0
17,it,1306.0
18,in,1240.0
19,day,1170.0
20,this,1163.0
21,with,1006.0
22,have,966.0
23,your,873.0
24,but,851.0
25,are,821.0
26,on,753.0
27,all,716.0
28,we,713.0
29,just,702.0
30,i'm,668.0
31,love,663.0
32,was,651.0
33,not,585.0
34,if,583.0
35,like,522.0
36,am,490.0
37,makes,485.0
38,he,476.0
39,u,467.0
40,hope,461.0
41,one,460.0
42,very,451.0
43,at,438.0
44,about,434.0
45,make,432.0
46,good,432.0
47,they,427.0
48,do,402.0
49,our,393.0
50,thank,392.0
51,when,387.0
52,its,375.0
53,as,373.0
54,see,362.0
55,more,357.0
56,what,355.0
57,now,352.0
58,can,337.0
59,know,331.0
60,her,330.0
61,will,328.0
62,from,326.0
63,best,321.0
64,get,310.0
65,people,310.0
66,got,308.0
67,been,304.0
68,today,303.0
69,up,303.0
70,really,300.0
71,how,300.0
72,much,296.0
73,an,295.0
74,always,292.0
75,time,286.0
76,no,284.0
77,out,283.0
78,life,280.0
79,great,262.0
80,bday,259.0
81,would,256.0
82,them,255.0
83,want,254.0
84,she,242.0
85,or,241.0
86,his,240.0
87,had,238.0
88,too,237.0
89,wish,236.0
90,who,232.0
91,stay,221.0
92,him,219.0
93,it's,219.0
94,3,217.0
95,go,216.0
96,anniversary,213.0
97,dont,212.0
98,still,211.0
99,-,211.0
100,because,210.0
101,&lt,207.0
102,new,200.0
103,some,197.0
104,there,196.0
105,many,194.0
106,has,193.0
107,by,193.0
108,never,192.0
109,being,192.0
110,us,189.0
111,beautiful,186.0
112,made,183.0
113,man,183.0
114,feel,182.0
115,here,182.0
116,don't,176.0
117,back,176.0
118,years,175.0
119,think,174.0
120,well,171.0
121,year,170.0
122,may,166.0
123,look,165.0
124,everyone,163.0
125,were,162.0
126,enjoy,162.0
127,only,161.0
128,even,161.0
129,administrative,161.0
130,say,156.0
131,amazing,150.0
132,way,150.0
133,you're,148.0
134,bro,143.0
135,youre,141.0
136,help,140.0
137,work,140.0
138,these,140.0
139,long,138.0
140,little,137.0
141,did,137.0
142,why,136.0
143,jaemin,135.0
144,earth,135.0
145,sad,134.0
146,keep,134.0
147,god,133.0
148,also,133.0
149,right,133.0
150,again,132.0
151,hear,131.0
152,going,129.0
153,every,127.0
154,first,127.0
155,cant,126.0
156,please,126.0
157,things,126.0
158,could,125.0
159,omg,123.0
160,friend,123.0
161,then,120.0
162,morning,119.0
163,come,119.0
164,ever,119.0
165,girl,119.0
166,take,119.0
167,their,118.0
168,wednesday,118.0
169,big,116.0
170,@dipolygabana,115.0
171,need,115.0
172,:),114.0
173,yes,114.0
174,oh,114.0
175,lol,113.0
176,than,112.0
177,can't,112.0
178,other,111.0
179,getting,111.0
180,most,109.0
181,someone,108.0
182,into,108.0
183,doing,107.0
184,professionals,107.0
185,last,107.0
186,family,106.0
187,tell,105.0
188,thanks,104.0
189,friends,104.0
190,ive,103.0
191,2,102.0
192,queen,102.0
193,real,102.0
194,after,102.0
195,world,101.0
196,said,101.0
197,live,99.0
198,should,98.0
199,something,98.0
200,any,97.0
201,over,97.0
202,baby,97.0
203,finally,96.0
204,days,96.0
205,glad,96.0
206,thats,94.0
207,two,94.0
208,better,93.0
209,making,93.0
210,believe,93.0
211,both,92.0
212,nice,91.0
213,guys,90.0
214,wonderful,90.0
215,miss,89.0
216,person,89.0
217,bless,88.0
218,actually,88.0
219,let,87.0
220,super,87.0
221,wishing,87.0
222,gonna,87.0
223,such,86.0
224,b,86.0
225,week,86.0
226,seeing,86.0
227,ya,85.0
228,off,85.0
229,i've,83.0
230,lot,83.0
231,give,83.0
232,ur,83.0
233,wanna,82.0
234,blessed,82.0
235,where,82.0
236,happiness,82.0
237,having,82.0
238,that's,82.0
239,thursday,81.0
240,hard,80.0
241,heart,80.0
242,everything,80.0
243,hes,79.0
244,@ayooyalowo,79.0
245,hi,77.0
246,sure,77.0
247,pretty,76.0
248,night,76.0
249,account,76.0
250,hour,76.0
251,belated,76.0
252,home,75.0
253,wait,75.0
254,done,75.0
255,old,75.0
256,ill,75.0
257,place,74.0
258,6th,74.0
259,@nikkicrosswwe,74.0
260,shit,74.0
261,sorry,74.0
262,part,73.0
263,same,73.0
264,thing,73.0
265,w,73.0
266,didnt,72.0
267,team,72.0
268,smile,71.0
269,since,70.0
270,dear,70.0
271,care,70.0
272,sir,70.0
273,while,70.0
274,next,70.0
275,proud,69.0
276,t,69.0
277,healthy,69.0
278,1,68.0
279,find,68.0
280,4,68.0
281,deserve,68.0
282,id,68.0
283,those,67.0
284,found,67.0
285,we're,67.0
286,fucking,67.0
287,looks,67.0
288,play,66.0
289,congratulations,66.0
290,yall,66.0
291,feeling,66.0
292,another,66.0
293,before,65.0
294,ending,64.0
295,game,63.0
296,mom,63.0
297,yeah,63.0
298,remember,63.0
299,money,63.0
300,support,63.0
301,bad,62.0
302,late,62.0
303,through,62.0
304,myself,62.0
305,i'd,61.0
306,x,61.0
307,okay,60.0
308,school,60.0
309,season,60.0
310,awesome,60.0
311,bestie,60.0
312,fun,59.0
313,excited,59.0
314,start,58.0
315,manager,58.0
316,song,58.0
317,together,58.0
318,lovely,58.0
319,crazy,58.0
320,down,58.0
321,hey,58.0
322,exist,58.0
323,already,58.0
324,watch,57.0
325,cause,57.0
326,sweet,57.0
327,nothing,57.0
328,music,57.0
329,congrats,57.0
330,special,57.0
331,boy,57.0
332,kind,56.0
333,does,56.0
334,literally,56.0
335,anything,56.0
336,mrs,56.0
337,coming,56.0
338,brother,55.0
339,wanted,55.0
340,g,55.0
341,s,54.0
342,tomorrow,54.0
343,safe,54.0
344,watching,54.0
345,th,54.0
346,favorite,54.0
347,around,53.0
348,fuck,53.0
349,saw,53.0
350,cool,52.0
351,yay,52.0
352,cute,52.0
353,didn't,52.0
354,dude,51.0
355,took,51.0
356,few,51.0
357,dad,51.0
358,boss,51.0
359,true,51.0
360,end,51.0
361,2021,50.0
362,early,50.0
363,),50.0
364,without,50.0
365,bc,49.0
366,honestly,49.0
367,soon,49.0
368,put,49.0
369,own,49.0
370,ok,49.0
371,share,49.0
372,trading,49.0
373,33,48.0
374,welcome,48.0
375,art,48.0
376,went,48.0
377,guy,48.0
378,started,48.0
379,hello,47.0
380,twitter,47.0
381,grateful,47.0
382,use,47.0
383,h,47.0
384,:d,47.0
385,thought,47.0
386,rn,47.0
387,i'll,47.0
388,yourself,47.0
389,able,47.0
390,show,46.0
391,news,46.0
392,mean,46.0
393,job,46.0
394,working,46.0
395,@marianmabry,46.0
396,yesterday,46.0
397,looking,46.0
398,free,46.0
399,talk,46.0
400,bit,45.0
401,n,45.0
402,used,45.0
403,stop,45.0
404,maybe,45.0
405,iggy,45.0
406,ate,45.0
407,though,45.0
408,ass,45.0
409,join,45.0
410,shes,44.0
411,appreciate,44.0
412,allah,44.0
413,ms,44.0
414,|,43.0
415,he's,43.0
416,ago,43.0
417,anyone,43.0
418,video,43.0
419,enough,43.0
420,full,43.0
421,birthdayy,43.0
422,follow,43.0
423,which,43.0
424,second,42.0
425,try,42.0
426,request,42.0
427,hate,42.0
428,yet,42.0
429,fans,42.0
430,read,42.0
431,came,42.0
432,loved,42.0
433,post,42.0
434,m,41.0
435,april,41.0
436,@nctsmtown_dream,41.0
437,meet,41.0
438,whole,41.0
439,tonight,41.0
440,@oxladeofficial,41.0
441,gorgeous,41.0
442,trying,40.0
443,else,40.0
444,o,40.0
445,future,40.0
446,celebrate,40.0
447,meal,39.0
448,moment,39.0
449,seen,39.0
450,until,39.0
451,pop,39.0
452,times,38.0
453,matter,38.0
454,face,38.0
455,tho,38.0
456,mind,38.0
457,definitely,38.0
458,ily,38.0
459,wishes,38.0
460,book,38.0
461,black,38.0
462,blessings,38.0
463,either,38.0
464,yo,37.0
465,content,37.0
466,send,37.0
467,idk,37.0
468,tweet,37.0
469,let's,37.0
470,national,37.0
471,birthdayyy,37.0
472,king,37.0
473,wow,37.0
474,@reginevalcasid,36.0
475,woman,36.0
476,high,36.0
477,fan,36.0
478,y,36.0
479,mine,36.0
480,far,36.0
481,@tonyromo,36.0
482,might,36.0
483,each,35.0
484,majesty,35.0
485,@mtv,35.0
486,6,35.0
487,probably,35.0
488,once,35.0
489,told,35.0
490,5,35.0
491,ahead,35.0
492,pls,34.0
493,ha,34.0
494,@royalfamily,34.0
495,@bts_twt,34.0
496,forever,34.0
497,wasnt,34.0
498,months,34.0
499,@manmundra,34.0
500,lets,34.0
501,point,34.0
502,must,34.0
503,happen,34.0
504,seems,33.0
505,win,33.0
506,forget,33.0
507,agree,33.0
508,words,33.0
509,almost,33.0
510,whatever,33.0
511,reason,33.0
512,dm,33.0
513,truly,33.0
514,office,33.0
515,babe,32.0
516,hump,32.0
517,doesnt,32.0
518,missed,32.0
519,@arashi5official,32.0
520,health,32.0
521,open,32.0
522,staff,32.0
523,angel,32.0
524,top,32.0
525,least,32.0
526,wont,31.0
527,change,31.0
528,420,31.0
529,cry,31.0
530,listen,31.0
531,they're,31.0
532,means,31.0
533,others,31.0
534,small,31.0
535,talking,31.0
536,playing,31.0
537,@elsbitches,30.0
538,guess,30.0
539,sometimes,30.0
540,theyre,30.0
541,nikki,30.0
542,stream,30.0
543,couple,30.0
544,away,30.0
545,fine,30.0
546,especially,30.0
547,single,30.0
548,left,30.0
549,crying,30.0
550,damn,30.0
551,dream,30.0
552,parents,29.0
553,weeks,29.0
554,call,29.0
555,ask,29.0
556,kinda,29.0
557,taurus,29.0
558,name,29.0
559,returns,29.0
560,via,29.0
561,genuinely,29.0
562,hopefully,29.0
563,planet,29.0
564,son,29.0
565,police,29.0
566,joy,29.0
567,fact,29.0
568,thinking,29.0
569,mr,29.0
570,earthday,29.0
571,@juxxeboy,29.0
572,lots,29.0
573,fridaylivestream,28.0
574,during,28.0
575,check,28.0
576,instead,28.0
577,age,28.0
578,house,28.0
579,95th,28.0
580,boys,28.0
581,past,28.0
582,@sebiomo_,28.0
583,success,28.0
584,funny,28.0
585,^^,28.0
586,positive,28.0
587,followers,28.0
588,important,28.0
589,@texzl,28.0
590,less,28.0
591,month,28.0
592,c,28.0
593,cake,28.0
594,stuff,28.0
595,bring,28.0
596,peace,27.0
597,self,27.0
598,games,27.0
599,po,27.0
600,sooo,27.0
601,haha,27.0
602,wrong,27.0
603,young,27.0
604,saying,27.0
605,born,27.0
606,kids,27.0
607,f,27.0
608,&gt,26.0
609,feels,26.0
610,arashi,26.0
611,turn,26.0
612,relationship,26.0
613,course,26.0
614,goes,26.0
615,quite,26.0
616,btw,26.0
617,living,26.0
618,experience,26.0
619,leave,26.0
620,continue,26.0
621,tired,26.0
622,sweetie,26.0
623,different,26.0
624,mother,26.0
625,girls,26.0
626,she's,26.0
627,announce,26.0
628,doesn't,26.0
629,birth,26.0
630,mad,25.0
631,theres,25.0
632,rest,25.0
633,run,25.0
634,bitch,25.0
635,turning,25.0
636,felt,25.0
637,memories,25.0
638,bts,25.0
639,half,25.0
640,buy,25.0
641,legend,25.0
642,tears,25.0
643,kid,25.0
644,worry,25.0
645,trigger,25.0
646,taking,25.0
647,picture,25.0
648,@venomcavoy,25.0
649,cheers,24.0
650,won't,24.0
651,jalapeo,24.0
652,birthdayyyy,24.0
653,light,24.0
654,tom,24.0
655,nctdream__hotsauce,24.0
656,wife,24.0
657,deserves,24.0
658,elizabeth,24.0
659,lady,24.0
660,event,24.0
661,story,24.0
662,students,24.0
663,loves,24.0
664,everybody,24.0
665,eat,24.0
666,group,24.0
667,vaccinated,23.0
668,yours,23.0
669,@tabithachinaka,23.0
670,says,23.0
671,/,23.0
672,absolutely,23.0
673,hit,23.0
674,aww,23.0
675,head,23.0
676,community,23.0
677,move,23.0
678,ladies,23.0
679,@dom_zamprogna,23.0
680,under,23.0
681,isnt,23.0
682,women,23.0
683,v,23.0
684,set,23.0
685,@,23.0
686,youve,23.0
687,blue,23.0
688,@alexabliss_wwe,23.0
689,met,23.0
690,p,23.0
691,knowing,23.0
692,d,23.0
693,buddy,23.0
694,liked,23.0
695,sis,23.0
696,style,22.0
697,die,22.0
698,2nd,22.0
699,huge,22.0
700,looked,22.0
701,r,22.0
702,+,22.0
703,exactly,22.0
704,photo,22.0
705,@oyenajwa,22.0
706,gave,22.0
707,james,22.0
708,alone,22.0
709,break,22.0
710,side,22.0
711,fantastic,22.0
712,comes,22.0
713,youtube,22.0
714,sm,22.0
715,seem,22.0
716,energy,22.0
717,shot,22.0
718,body,22.0
719,4/20,22.0
720,city,22.0
721,hell,22.0
722,seriously,22.0
723,extremely,22.0
724,isn't,22.0
725,perfect,22.0
726,waiting,22.0
727,weekend,22.0
728,sister,21.0
729,sleep,21.0
730,de,21.0
731,giving,21.0
732,dog,21.0
733,7,21.0
734,strong,21.0
735,10,21.0
736,bought,21.0
737,forward,21.0
738,arrived,21.0
739,turned,21.0
740,album,21.0
741,episode,21.0
742,hug,21.0
743,na,21.0
744,1st,21.0
745,eyes,21.0
746,@cynthiadritchie,21.0
747,songs,21.0
748,iggypop,21.0
749,played,21.0
750,ppl,21.0
751,learn,21.0
752,hot,20.0
753,children,20.0
754,characters,20.0
755,@swevenpjm,20.0
756,car,20.0
757,imagine,20.0
758,happened,20.0
759,hours,20.0
760,@jjongsource,20.0
761,gone,20.0
762,@machinegunkelly,20.0
763,@youtube,20.0
764,wyatb,20.0
765,cop,20.0
766,_hotsauce,20.0
767,wins,20.0
768,administrativeprofessionalsday,20.0
769,spend,20.0
770,luck,20.0
771,eve,20.0
772,lil,20.0
773,kak,20.0
774,answer,20.0
775,sending,20.0
776,understand,20.0
777,everyday,20.0
778,alive,20.0
779,totally,20.0
780,watched,20.0
781,nctdream,20.0
782,finished,20.0
783,soo,20.0
784,reading,20.0
785,8,20.0
786,@carriebear421,20.0
787,needed,20.0
788,mate,19.0
789,sound,19.0
790,chat,19.0
791,ones,19.0
792,humpday,19.0
793,lmao,19.0
794,knew,19.0
795,moments,19.0
796,himself,19.0
797,wasn't,19.0
798,short,19.0
799,chance,19.0
800,room,19.0
801,daughter,19.0
802,incredible,19.0
803,21,19.0
804,price,19.0
805,vaccine,19.0
806,e,19.0
807,class,19.0
808,child,19.0
809,white,19.0
810,dreams,19.0
811,vibes,19.0
812,men,19.0
813,gets,19.0
814,there's,19.0
815,arent,19.0
816,wants,18.0
817,soul,18.0
818,aren't,18.0
819,hap,18.0
820,whenever,18.0
821,app,18.0
822,cops,18.0
823,eating,18.0
824,absolute,18.0
825,gift,18.0
826,anymore,18.0
827,lucky,18.0
828,tbh,18.0
829,cutie,18.0
830,human,18.0
831,cuz,18.0
832,nobody,18.0
833,y'all,18.0
834,[,18.0
835,22,18.0
836,vote,18.0
837,passed,18.0
838,sense,18.0
839,close,18.0
840,write,18.0
841,ka,18.0
842,writing,18.0
843,george,18.0
844,movie,18.0
845,forgot,18.0
846,hair,17.0
847,aint,17.0
848,series,17.0
849,apps,17.0
850,admin,17.0
851,asked,17.0
852,stupid,17.0
853,recently,17.0
854,sexy,17.0
855,@blackvaild,17.0
856,200,17.0
857,gay,17.0
858,k,17.0
859,here's,17.0
860,ga,17.0
861,club,17.0
862,pay,17.0
863,minutes,17.0
864,bed,17.0
865,lately,17.0
866,@springsteen,17.0
867,thankful,17.0
868,@jimmykimmel,17.0
869,@princetonperez,17.0
870,twitch,17.0
871,laugh,17.0
872,tea,17.0
873,star,17.0
874,incredibly,17.0
875,wouldn't,17.0
876,favourite,17.0
877,food,17.0
878,gotta,17.0
879,line,17.0
880,character,17.0
881,@kaorufox,17.0
882,biggest,17.0
883,=,17.0
884,somebody,17.0
885,called,17.0
886,learning,17.0
887,sunshine,17.0
888,coach,17.0
889,main,17.0
890,fully,17.0
891,three,17.0
892,become,17.0
893,gee,17.0
894,ready,16.0
895,anyway,16.0
896,happ,16.0
897,@childrensla,16.0
898,artist,16.0
899,@cedarssinai,16.0
900,pink,16.0
901,keeping,16.0
902,smith,16.0
903,sharing,16.0
904,save,16.0
905,loving,16.0
906,wished,16.0
907,bunch,16.0
908,won,16.0
909,@tayslittlesis13,16.0
910,sounds,16.0
911,sent,16.0
912,di,16.0
913,wrote,16.0
914,arashi's,16.0
915,filled,16.0
916,dance,16.0
917,ah,16.0
918,date,16.0
919,beauty,16.0
920,opportunity,16.0
921,choose,16.0
922,charli,16.0
923,celebrating,16.0
924,mood,16.0
925,sa,16.0
926,ma,16.0
927,bb,16.0
928,word,16.0
929,question,16.0
930,currently,16.0
931,mf,16.0
932,professional,16.0
933,service,16.0
934,moon,16.0
935,tommorello,15.0
936,power,15.0
937,knows,15.0
938,pandemic,15.0
939,morello,15.0
940,customer,15.0
941,offer,15.0
942,draw,15.0
943,cold,15.0
944,@gettyimages,15.0
945,growing,15.0
946,starting,15.0
947,yaa,15.0
948,outside,15.0
949,lives,15.0
950,grow,15.0
951,com,15.0
952,woke,15.0
953,message,15.0
954,dogs,15.0
955,john,15.0
956,angry,15.0
957,robert,15.0
958,fb,15.0
959,assistant,15.0
960,hugs,15.0
961,later,15.0
962,madrid,15.0
963,visit,15.0
964,using,15.0
965,netflix,15.0
966,piece,15.0
967,justice,15.0
968,add,15.0
969,accepted,15.0
970,l,15.0
971,tweets,15.0
972,talented,15.0
973,wake,15.0
974,greatest,15.0
975,birthdays,15.0
976,questions,15.0
977,havent,15.0
978,helped,15.0
979,rich,15.0
980,la,15.0
981,precious,15.0
982,@potus,15.0
983,happybirthday,14.0
984,simple,14.0
985,problem,14.0
986,pray,14.0
987,former,14.0
988,park,14.0
989,red,14.0
990,florentino,14.0
991,enjoyed,14.0
992,adorable,14.0
993,respect,14.0
994,lies,14.0
995,players,14.0
996,focus,14.0
997,smiles,14.0
998,media,14.0
999,drop,14.0
1000,needs,14.0
1001,ty,14.0
1002,hold,14.0
1003,spring,14.0
1004,hand,14.0
1005,changed,14.0
1006,brain,14.0
1007,@levarburton,14.0
1008,cannot,14.0
1009,heard,14.0
1010,inside,14.0
1011,business,14.0
1012,worth,14.0
1013,you'll,14.0
1014,@akuraqaa,14.0
1015,number,14.0
1016,earthday2021,14.0
1017,voice,14.0
1018,random,14.0
1019,smiling,14.0
1020,league,14.0
1021,dynamite,14.0
1022,lost,14.0
1023,disney+,14.0
1024,fam,14.0
1025,takes,14.0
1026,journey,14.0
1027,social,14.0
1028,ig,14.0
1029,boo,14.0
1030,whats,14.0
1031,given,13.0
1032,billy,13.0
1033,youuu,13.0
1034,handsome,13.0
1035,earlier,13.0
1036,@royalerami,13.0
1037,tony,13.0
1038,st,13.0
1039,verdict,13.0
1040,plan,13.0
1041,none,13.0
1042,sweetheart,13.0
1043,vs,13.0
1044,idea,13.0
1045,available,13.0
1046,we've,13.0
1047,grab,13.0
1048,project,13.0
1049,longer,13.0
1050,along,13.0
1051,provide,13.0
1052,assistants,13.0
1053,birfday,13.0
1054,6thyearswithjaemin,13.0
1055,mama,13.0
1056,jeno,13.0
1057,comfort,13.0
1058,daily,13.0
1059,shows,13.0
1060,haven't,13.0
1061,enjoying,13.0
1062,order,13.0
1063,pc,13.0
1064,interesting,13.0
1065,babies,13.0
1066,american,13.0
1067,fellow,13.0
1068,ji,13.0
1069,streaming,13.0
1070,listening,13.0
1071,married,13.0
1072,couldnt,13.0
1073,trust,13.0
1074,putting,13.0
1075,ada,13.0
1076,water,13.0
1077,sell,13.0
1078,al,13.0
1079,tried,13.0
1080,running,13.0
1081,grace,13.0
1082,steve,13.0
1083,role,13.0
1084,possible,13.0
1085,9,13.0
1086,spent,13.0
1087,worst,13.0
1088,@yeonidas,13.0
1089,comment,13.0
1090,evening,13.0
1091,princess,13.0
1092,jealous,13.0
1093,18th,13.0
1094,xx,12.0
1095,clubs,12.0
1096,type,12.0
1097,anyways,12.0
1098,@adeknyaoliver,12.0
1099,likes,12.0
1100,premium,12.0
1101,tl,12.0
1102,videos,12.0
1103,state,12.0
1104,poor,12.0
1105,you've,12.0
1106,jual,12.0
1107,dr,12.0
1108,case,12.0
1109,deal,12.0
1110,lo,12.0
1111,holy,12.0
1112,fave,12.0
1113,party,12.0
1114,aku,12.0
1115,reply,12.0
1116,actual,12.0
1117,dey,12.0
1118,step,12.0
1119,hello-,12.0
1120,@jdmorgan,12.0
1121,21st,12.0
1122,kill,12.0
1123,@robertsmith,12.0
1124,@typhek_the_rex,12.0
1125,@wwe,12.0
1126,perez:,12.0
1127,happier,12.0
1128,youll,12.0
1129,jesus,12.0
1130,leader,12.0
1131,ya-,12.0
1132,nih,12.0
1133,knife,12.0
1134,pics,12.0
1135,fo,12.0
1136,honey,12.0
1137,test,12.0
1138,chauvin,12.0
1139,happiest,12.0
1140,@dazzlecharli,12.0
1141,cross,12.0
1142,j,12.0
1143,//,12.0
1144,bet,12.0
1145,caught,12.0
1146,shoot,12.0
1147,cover,12.0
1148,podcast,12.0
1149,return,12.0
1150,weird,12.0
1151,leaving,12.0
1152,texas,12.0
1153,chapter,12.0
1154,@kaijugamer2000,12.0
1155,spotify,12.0
1156,pricelist,12.0
1157,pict,12.0
1158,ii,12.0
1159,space,12.0
1160,af,12.0
1161,telling,12.0
1162,flowers,12.0
1163,blast,12.0
1164,asf,12.0
1165,opinion,12.0
1166,ahh,12.0
1167,@iggypop,12.0
1168,@gotyou_juyeon,12.0
1169,friday,12.0
1170,died,12.0
1171,trip,12.0
1172,appreciation,12.0
1173,worked,12.0
1174,thread,12.0
1175,rather,12.0
1176,@itsjoelpimentel,12.0
1177,officially,12.0
1178,15,12.0
1179,assist,12.0
1180,@jimm_wea,12.0
1181,husband,12.0
1182,entire,12.0
1183,hotstar,12.0
1184,@mm0rv,12.0
1185,realized,12.0
1186,mi,12.0
1187,followed,12.0
1188,drink,12.0
1189,dead,12.0
1190,asking,11.0
1191,android,11.0
1192,12,11.0
1193,upset,11.0
1194,pic,11.0
1195,till,11.0
1196,chris,11.0
1197,partner,11.0
1198,trial,11.0
1199,lab,11.0
1200,thoughts,11.0
1201,@hersoles_23,11.0
1202,walk,11.0
1203,cat,11.0
1204,attention,11.0
1205,@alexx__avfc,11.0
1206,@oliviawitherite,11.0
1207,extra,11.0
1208,bringing,11.0
1209,jo,11.0
1210,officer,11.0
1211,turns,11.0
1212,~,11.0
1213,army,11.0
1214,luv,11.0
1215,reach,11.0
1216,40,11.0
1217,books,11.0
1218,goals,11.0
1219,wonder,11.0
1220,singing,11.0
1221,fast,11.0
1222,@oguttkece,11.0
1223,walking,11.0
1224,covid,11.0
1225,goal,11.0
1226,minute,11.0
1227,bill,11.0
1228,pissed,11.0
1229,dark,11.0
1230,usually,11.0
1231,333,11.0
1232,@cpthodl,11.0
1233,doge,11.0
1234,pictures,11.0
1235,surprised,11.0
1236,b-day,11.0
1237,shout,11.0
1238,spread,11.0
1239,brought,11.0
1240,trouble,11.0
1241,magic,11.0
1242,member,11.0
1243,eye,11.0
1244,however,11.0
1245,reached,11.0
1246,david,11.0
1247,teams,11.0
1248,@42ugh,11.0
1249,@lueur_amee,11.0
1250,saved,11.0
1251,nowplaying,11.0
1252,pieces,11.0
1253,realize,11.0
1254,decided,11.0
1255,government,11.0
1256,@lindenmuthwendi,11.0
1257,rock,11.0
1258,@askrlfess,11.0
1259,itll,11.0
1260,0,11.0
1261,fav,11.0
1262,@emiiysdiaz,11.0
1263,information,11.0
1264,present,11.0
1265,gun,11.0
1266,glory,11.0
1267,jus,11.0
1268,deserved,11.0
1269,supporting,11.0
1270,el,11.0
1271,killed,11.0
1272,prosperity,11.0
1273,joe,11.0
1274,death,11.0
1275,childhood,11.0
1276,icon,11.0
1277,lord,11.0
1278,ne,11.0
1279,re,11.0
1280,coffee,11.0
1281,released,11.0
1282,fact:,225.0
1283,is:,182.0
1284,crush,171.0
1285,family:,141.0
1286,parents:,141.0
1287,spouse:,141.0
1288,children:,139.0
1289,summer,81.0
1290,sun,64.0
1291,easy,63.0
1292,facts,61.0
1293,@iamlorengray,61.0
1294,ways,57.0
1295,ride,47.0
1296,activities,47.0
1297,drawing,45.0
1298,exciting,44.0
1299,online,43.0
1300,afternoon,42.0
1301,virtual,41.0
1302,it'll,41.0
1303,ideas,41.0
1304,fight,40.0
1305,between,40.0
1306,nah,39.0
1307,activity,37.0
1308,pick,36.0
1309,serious,36.0
1310,ball,36.0
1311,creative,34.0
1312,joke,34.0
1313,against,33.0
1314,supposed,33.0
1315,boring,33.0
1316,fu,32.0
1317,(and,32.0
1318,stage,32.0
1319,kingdom,31.0
1320,challenge,31.0
1321,building,31.0
1322,design,31.0
1323,company,31.0
1324,hang,31.0
1325,english,31.0
1326,wouldnt,31.0
1327,based,31.0
1328,travel,30.0
1329,ngl,30.0
1330,color,30.0
1331,what's,30.0
1332,blog,30.0
1333,outdoor,30.0
1334,movies,30.0
1335,grade,30.0
1336,phone,30.0
1337,20,29.0
1338,yea,29.0
1339,sports,29.0
1340,@f_mirajkt48,29.0
1341,@tommyaltinnit,29.0
1342,player,29.0
1343,tv,29.0
1344,mostly,29.0
1345,catch,28.0
1346,link,28.0
1347,plus,28.0
1348,members,28.0
1349,fr,27.0
1350,session,27.0
1351,beat,27.0
1352,streams,27.0
1353,create,27.0
1354,me:,27.0
1355,lasted,27.0
1356,fair,27.0
1357,stories,26.0
1358,version,26.0
1359,list,26.0
1360,staying,26.0
1361,hahaha,26.0
1362,chill,26.0
1363,level,25.0
1364,teacher,25.0
1365,classes,25.0
1366,pain,25.0
1367,niggas,25.0
1368,nature,25.0
1369,local,25.0
1370,final,25.0
1371,100%,25.0
1372,finish,25.0
1373,30,24.0
1374,act,24.0
1375,adventure,24.0
1376,fire,24.0
1377,dumb,24.0
1378,wild,24.0
1379,jokes,24.0
1380,website,24.0
1381,works,24.0
1382,round,24.0
1383,country,23.0
1384,study,23.0
1385,clean,23.0
1386,harry,23.0
1387,reminds,23.0
1388,fall,23.0
1389,completely,23.0
1390,review,23.0
1391,often,23.0
1392,creating,23.0
1393,stan,23.0
1394,math,23.0
1395,golf,23.0
1396,conversation,23.0
1397,original,23.0
1398,action,22.0
1399,'s,22.0
1400,basically,22.0
1401,normal,22.0
1402,knicks,22.0
1403,twt,22.0
1404,saturday,22.0
1405,build,22.0
1406,fandom,22.0
1407,heres,22.0
1408,card,22.0
1409,draft,22.0
1410,annoying,22.0
1411,missing,22.0
1412,figure,22.0
1413,creatives,22.0
1414,model,22.0
1415,bored,22.0
1416,dating,22.0
1417,lie,22.0
1418,camp,22.0
1419,recommend,22.0
1420,issues,21.0
1421,drunk,21.0
1422,acc,21.0
1423,drama,21.0
1424,pe,21.0
1425,calling,21.0
1426,interact,21.0
1427,sing,21.0
1428,scene,21.0
1429,busy,21.0
1430,tons,21.0
1431,sit,21.0
1432,episodes,21.0
1433,sucks,21.0
1434,except,21.0
1435,sick,21.0
1436,training,21.0
1437,wear,21.0
1438,teach,21.0
1439,skills,21.0
1440,weather,21.0
1441,buying,21.0
1442,unless,21.0
1443,switch,21.0
1444,system,20.0
1445,drive,20.0
1446,solo,20.0
1447,air,20.0
1448,film,20.0
1449,co/nttg2qqpas,20.0
1450,folks,20.0
1451,names,20.0
1452,parties,20.0
1453,meme,20.0
1454,events,20.0
1455,evil,20.0
1456,lose,20.0
1457,plans,20.0
1458,promise,20.0
1459,sub/follow,20.0
1460,hilarious,20.0
1461,sign,20.0
1462,personally,20.0
1463,anime,20.0
1464,xd,20.0
1465,straight,20.0
1466,pm,20.0
1467,ton,20.0
1468,trump,20.0
1469,loads,20.0
1470,reasons,20.0
1471,facebook,20.0
1472,starts,20.0
1473,allowed,20.0
1474,page,20.0
1475,research,19.0
1476,tiktok,19.0
1477,hunt,19.0
1478,hehe,19.0
1479,rlly,19.0
1480,performance,19.0
1481,amount,19.0
1482,sitting,19.0
1483,beginning,19.0
1484,shame,19.0
1485,science,19.0
1486,fighting,19.0
1487,garden,19.0
1488,poking,19.0
1489,middle,19.0
1490,excellent,19.0
1491,behind,19.0
1492,low,19.0
1493,exploring,19.0
1494,internet,19.0
1495,adults,19.0
1496,following,19.0
1497,baseball,19.0
1498,platform,19.0
1499,plenty,19.0
1500,100,19.0
1501,ikon,19.0
1502,memes,19.0
1503,active,19.0
1504,obviously,19.0
1505,hurt,18.0
1506,scared,18.0
1507,certain,18.0
1508,planning,18.0
1509,history,18.0
1510,snow,18.0
1511,lunch,18.0
1512,language,18.0
1513,ar,18.0
1514,five,18.0
1515,learned,18.0
1516,record,18.0
1517,sex,18.0
1518,sunday,18.0
1519,hits,18.0
1520,due,18.0
1521,blocked,18.0
1522,mental,18.0
1523,near,18.0
1524,worse,18.0
1525,photos,18.0
1526,groups,18.0
1527,created,18.0
1528,adult,18.0
1529,11,18.0
1530,challenging,18.0
1531,ended,18.0
1532,south,18.0
1533,couldn't,18.0
1534,themselves,18.0
1535,click,18.0
1536,release,18.0
1537,gives,18.0
1538,friendly,18.0
1539,throw,17.0
1540,wars,17.0
1541,idc,17.0
1542,mask,17.0
1543,warzone,17.0
1544,results,17.0
1545,road,17.0
1546,:3,17.0
1547,beach,17.0
1548,brand,17.0
1549,dick,17.0
1550,across,17.0
1551,box,17.0
1552,stays,17.0
1553,discord,17.0
1554,below,17.0
1555,college,17.0
1556,private,17.0
1557,clips,17.0
1558,wit,17.0
1559,abt,17.0
1560,joining,17.0
1561,consider,17.0
1562,million,17.0
1563,winner,17.0
1564,meeting,17.0
1565,practice,17.0
1566,unique,17.0
1567,bobby,17.0
1568,sort,17.0
1569,fortnite,17.0
1570,pure,17.0
1571,smart,17.0
1572,hoping,17.0
1573,posting,17.0
1574,green,17.0
1575,classic,17.0
1576,spot,17.0
1577,animal,17.0
1578,engaging,17.0
1579,colors,17.0
1580,quick,16.0
1581,popular,16.0
1582,stars,16.0
1583,fresh,16.0
1584,market,16.0
1585,student,16.0
1586,silly,16.0
1587,board,16.0
1588,hella,16.0
1589,blame,16.0
1590,swear,16.0
1591,gameplay,16.0
1592,key,16.0
1593,younger,16.0
1594,fun),16.0
1595,loser,16.0
1596,front,16.0
1597,fit,16.0
1598,toxic,16.0
1599,map,16.0
1600,etc,16.0
1601,rules,16.0
1602,parts,16.0
1603,paint,16.0
1604,brings,16.0
1605,minecraft,16.0
1606,3rd,16.0
1607,thi,16.0
1608,quiz,16.0
1609,tips,16.0
1610,street,16.0
1611,instagram,16.0
1612,finding,16.0
1613,pass,16.0
1614,ages,16.0
1615,@chica_leolatina,16.0
1616,situation,16.0
1617,wa,16.0
1618,posted,16.0
1619,joined,16.0
1620,paid,16.0
1621,track,15.0
1622,broke,15.0
1623,hands,15.0
1624,edition,15.0
1625,competition,15.0
1626,li,15.0
1627,prison,15.0
1628,town,15.0
1629,trash,15.0
1630,today's,15.0
1631,clearly,15.0
1632,radio,15.0
1633,someone's,15.0
1634,bag,15.0
1635,bot,15.0
1636,physical,15.0
1637,@pledis_17,15.0
1638,las,15.0
1639,era,15.0
1640,2019,15.0
1641,competitive,15.0
1642,mode,15.0
1643,fashion,15.0
1644,50,15.0
1645,vegas,15.0
1646,dinosaur,15.0
1647,stand,15.0
1648,indeed,15.0
1649,blood,15.0
1650,edit,15.0
1651,major,15.0
1652,complete,15.0
1653,latest,15.0
1654,co,15.0
1655,product,15.0
1656,rly,15.0
1657,keeps,15.0
1658,program,15.0
1659,interested,15.0
1660,environment,14.0
1661,harder,14.0
1662,who's,14.0
1663,editing,14.0
1664,prefer,14.0
1665,double,14.0
1666,moots,14.0
1667,drinking,14.0
1668,alot,14.0
1669,pa,14.0
1670,da,14.0
1671,tech,14.0
1672,irl,14.0
1673,numbers,14.0
1674,calls,14.0
1675,stuck,14.0
1676,moving,14.0
1677,picking,14.0
1678,deep,14.0
1679,dancing,14.0
1680,mini,14.0
1681,personal,14.0
1682,nearly,14.0
1683,process,14.0
1684,relax,14.0
1685,lesson,14.0
1686,artists,14.0
1687,(i,14.0
1688,humor,14.0
1689,war,14.0
1690,painting,14.0
1691,huh,14.0
1692,bu,14.0
1693,wtf,14.0
1694,weve,14.0
1695,treat,14.0
1696,stick,14.0
1697,mention,14.0
1698,meant,14.0
1699,nights,14.0
1700,skin,14.0
1701,dinner,14.0
1702,yoga,14.0
1703,channel,14.0
1704,w/,14.0
1705,interview,14.0
1706,touch,14.0
1707,monday,14.0
1708,profile,14.0
1709,apart,14.0
1710,happening,14.0
1711,became,14.0
1712,excitement,14.0
1713,general,14.0
1714,soccer,14.0
1715,adding,14.0
1716,beer,14.0
1717,helping,14.0
1718,despite,14.0
1719,se,14.0
1720,bar,14.0
1721,til,14.0
1722,fake,14.0
1723,reality,14.0
1724,jump,14.0
1725,third,14.0
1726,paper,14.0
1727,server,14.0
1728,bout,14.0
1729,older,14.0
1730,bike,13.0
1731,driving,13.0
1732,stopped,13.0
1733,ye,13.0
1734,happens,13.0
1735,hitting,13.0
1736,yep,13.0
1737,explore,13.0
1738,alright,13.0
1739,flies,13.0
1740,vibe,13.0
1741,concert,13.0
1742,16,13.0
1743,sonic,13.0
1744,jail,13.0
1745,bags,13.0
1746,admit,13.0
1747,fun~,13.0
1748,per,13.0
1749,horny,13.0
1750,ugly,13.0
1751,setting,13.0
1752,studying,13.0
1753,adventures,13.0
1754,memory,13.0
1755,plot,13.0
1756,imo,13.0
1757,field,13.0
1758,whos,13.0
1759,besties,13.0
1760,cook,13.0
1761,youd,13.0
1762,we'll,13.0
1763,certainly,13.0
1764,forest,13.0
1765,acting,13.0
1766,@ashemusic,13.0
1767,teachers,13.0
1768,count,13.0
1769,task,13.0
1770,pro,13.0
1771,@elonmusk,13.0
1772,terms,13.0
1773,concept,13.0
1774,fantasy,13.0
1775,talks,13.0
1776,giveaway,13.0
1777,update,13.0
1778,you'd,13.0
1779,cards,13.0
1780,base,13.0
1781,dragon,13.0
1782,liking,13.0
1783,@mtgreenee,13.0
1784,recorded,13.0
1785,wine,13.0
1786,reminder,13.0
1787,murder,13.0
1788,laughing,13.0
1789,useful,13.0
1790,football,13.0
1791,plays,13.0
1792,text,13.0
1793,@aoc,13.0
1794,showing,13.0
1795,workout,13.0
1796,development,13.0
1797,hav,13.0
1798,tournament,12.0
1799,comedy,12.0
1800,animals,12.0
1801,store,12.0
1802,smoke,12.0
1803,spending,12.0
1804,worries,12.0
1805,highly,12.0
1806,sam,12.0
1807,@amanekanatach,12.0
1808,similar,12.0
1809,pokemon,12.0
1810,battle,12.0
1811,havin,12.0
1812,askashe,12.0
1813,lead,12.0
1814,horrible,12.0
1815,shut,12.0
1816,gc,12.0
1817,managed,12.0
1818,comments,12.0
1819,crypto,12.0
1820,toys,12.0
1821,loss,12.0
1822,snap,12.0
1823,table,12.0
1824,theme,12.0
1825,soooo,12.0
1826,killing,12.0
1827,planting,12.0
1828,hat,12.0
1829,innocent,12.0
1830,mo,12.0
1831,education,12.0
1832,invite,12.0
1833,copy,12.0
1834,begin,12.0
1835,recent,12.0
1836,public,12.0
1837,plant,12.0
1838,taken,12.0
1839,helps,12.0
1840,suck,12.0
1841,dress,12.0
1842,stress,12.0
1843,throwback,12.0
1844,@kingjames,12.0
1845,sessions,12.0
1846,honest,12.0
1847,wo,12.0
1848,launch,12.0
1849,annual,12.0
1850,perform,12.0
1851,ca,12.0
1852,someones,12.0
1853,multiplayer,12.0
1854,places,12.0
1855,spirit,12.0
1856,ground,12.0
1857,deck,12.0
1858,several,12.0
1859,topic,12.0
1860,cats,12.0
1861,ends,12.0
1862,known,12.0
1863,celebration,12.0
1864,clip,12.0
1865,mission,12.0
1866,ice,12.0
1867,planned,12.0
1868,runs,12.0
1869,wearing,12.0
1870,including,12.0
1871,holding,12.0
1872,fox,12.0
1873,maps,12.0
1874,wanting,12.0
1875,safety,12.0
1876,guest,12.0
1877,entertainment,12.0
1878,peoples,12.0
1879,taeyong,12.0
1880,todays,12.0
1881,article,12.0
1882,island,11.0
1883,difference,11.0
1884,winning,11.0
1885,considering,11.0
1886,battlefield,11.0
1887,goofy,11.0
1888,bruh,11.0
1889,lowkey,11.0
1890,dare,11.0
1891,knowledge,11.0
1892,spelling,11.0
1893,vacation,11.0
1894,matters,11.0
1895,maths,11.0
1896,tells,11.0
1897,wedding,11.0
1898,14,11.0
1899,bitches,11.0
1900,interviews,11.0
1901,levels,11.0
1902,randomly,11.0
1903,subscribe,11.0
1904,climate,11.0
1905,area,11.0
1906,aw,11.0
1907,kd,11.0
1908,cup,11.0
1909,losing,11.0
1910,mfs,11.0
1911,collection,11.0
1912,collecting,11.0
1913,simply,11.0
1914,senior,11.0
1915,sale,11.0
1916,ou,11.0
1917,gaming,11.0
1918,itd,11.0
1919,cares,11.0
1920,wondering,11.0
1921,shitty,11.0
1922,@battlefield,11.0
1923,roll,11.0
1924,ain't,11.0
1925,tree,11.0
1926,twice,11.0
1927,ni,11.0
1928,regular,11.0
1929,grown,11.0
1930,2020,11.0
1931,unfortunately,11.0
1932,trolling,11.0
1933,title,11.0
1934,def,11.0
1935,scary,11.0
1936,pr,11.0
1937,opening,11.0
1938,among,11.0
1939,nfts,11.0
1940,named,11.0
1941,zoom,11.0
1942,comic,11.0
1943,',11.0
1944,confidence,11.0
1945,door,11.0
1946,thru,11.0
1947,bye,11.0
1948,therapy,11.0
1949,em,11.0
1950,000,11.0
1951,becomes,11.0
1952,terrible,11.0
1953,jackson,11.0
1954,audience,11.0
1955,match,11.0
1956,ooh,11.0
1957,participating,11.0
1958,discuss,11.0
1959,culture,11.0
1960,quickly,11.0
1961,quote,11.0
1962,interactive,11.0
1963,example,11.0
1964,zero,11.0
1965,dubs,11.0
1966,secret,11.0
1967,jobs,11.0
1968,current,11.0
1969,lockdown,11.0
1970,range,11.0
1971,weekends,11.0
1972,nba,11.0
1973,info,11.0
1974,it'd,11.0
1975,funds,11.0
1976,delivery,11.0
1977,uk,11.0
1978,variety,11.0
1979,block,11.0
1980,@angry_staffer,3483.0
1981,@palanzadaniel,212.0
1982,@bsghelo2017,153.0
1983,taser,143.0
1984,@adpucci,139.0
1985,@birriatacos1,120.0
1986,@loubierbauer,119.0
1987,@chrisbrown2075,116.0
1988,stab,114.0
1989,tucker,113.0
1990,@wrathofmog,112.0
1991,anger,107.0
1992,shooting,104.0
1993,@anouck526,99.0
1994,mob,97.0
1995,@mmpadellan,97.0
1996,force,90.0
1997,@leakservicer,90.0
1998,birds,86.0
1999,@agkyle03,81.0
2000,racist,76.0
2001,@moogymoogymoog1,75.0
2002,@daminick124,75.0
2003,@mechanic_angry,73.0
2004,@suzimcm9,72.0
2005,stabbed,71.0
2006,@yishay__majors,71.0
2007,trained,70.0
2008,@elizaeralque,70.0
2009,leg,64.0
2010,@lpn_to_mba,63.0
2011,@mpwr2,62.0
2012,@nall17268025,62.0
2013,babysitter,61.0
2014,@chris_cashton99,58.0
2015,@mekaya72,58.0
2016,24,58.0
2017,wrestling,57.0
2018,@conduitofhealin,57.0
2019,disappointed,56.0
2020,'killed,55.0
2021,frustrated,55.0
2022,@kevintilsner,53.0
2023,moves',53.0
2024,law,52.0
2025,deadly,52.0
2026,guilty,52.0
2027,shots,51.0
2028,truth,51.0
2029,carlson,50.0
2030,calm,50.0
2031,officers,50.0
2032,@mandyferber,50.0
2033,issue,49.0
2034,defending,49.0
2035,@angry_rantman,49.0
2036,racism,48.0
2037,kennedy,48.0
2038,irrationally,48.0
2039,mass,47.0
2040,@ajdelgado13,47.0
2041,one-year-old,46.0
2042,@gbrbill,45.0
2043,@dezbatty,45.0
2044,@marieow10889725,44.0
2045,weapon,44.0
2046,@tuckercarlson,44.0
2047,bird,44.0
2048,clear,43.0
2049,@marshalou2233,43.0
2050,tasers,43.0
2051,decision,43.0
2052,bitter,43.0
2053,floyd,40.0
2054,correct,40.0
2055,speak,40.0
2056,confused,39.0
2057,@melneedsakidney,39.0
2058,hungry,39.0
2059,control,39.0
2060,response,39.0
2061,lethal,39.0
2062,herself,39.0
2063,threat,39.0
2064,@_annie_cakes_,39.0
2065,easily,38.0
2066,attack,37.0
2067,cut,37.0
2068,blm,37.0
2069,smarter,36.0
2070,guns,36.0
2071,@mattgaetz,36.0
2072,defense,36.0
2073,becoming,35.0
2074,center,35.0
2075,@racismtakedown,35.0
2076,@chapelguilt,34.0
2077,@tokyocrusher,34.0
2078,afraid,34.0
2079,apparently,34.0
2080,whether,33.0
2081,justified,33.0
2082,agreed,33.0
2083,@angry_ohio,33.0
2084,abrams,33.0
2085,father,33.0
2086,footage,33.0
2087,@lorddrewster,33.0
2088,towards,33.0
2089,@kitten_talker,32.0
2090,@dpbuttercup161,32.0
2091,protect,32.0
2092,@rickymia305,32.0
2093,@cee_dcisme,32.0
2094,attacked,32.0
2095,violence,32.0
2096,senator,32.0
2097,stacey,32.0
2098,multiple,31.0
2099,seconds,31.0
2100,expect,31.0
2101,wh,31.0
2102,argument,31.0
2103,violent,31.0
2104,america,31.0
2105,angr,31.0
2106,@tylermi65942082,30.0
2107,defend,30.0
2108,@angry_facts,30.0
2109,@icebear2024,30.0
2110,thinks,30.0
2111,@titodinzey,29.0
2112,jury,29.0
2113,shouldnt,29.0
2114,@bar0n_thegrey,29.0
2115,@thehill,29.0
2116,cam,29.0
2117,victim,28.0
2118,emotional,28.0
2119,feelings,28.0
2120,@frodogood103074,28.0
2121,@throwyourdream1,28.0
2122,@boardfigures,28.0
2123,explain,28.0
2124,emotions,28.0
2125,stabbing,28.0
2126,depressed,28.0
2127,annoyed,27.0
2128,murdered,27.0
2129,@emily60946744,27.0
2130,disgusting,27.0
2131,legs,27.0
2132,@the_real_colin,27.0
2133,@benshapiro,27.0
2134,chest,27.0
2135,tha,27.0
2136,likely,27.0
2137,held,26.0
2138,actions,26.0
2139,derek,26.0
2140,loud,26.0
2141,kept,26.0
2142,dangerous,26.0
2143,arm,26.0
2144,four,26.0
2145,rights,25.0
2146,*angry,25.0
2147,warning,25.0
2148,democrats,25.0
2149,@lacylove2020,25.0
2150,attacking,25.0
2151,@acekingspade,25.0
2152,@staceyabrams,25.0
2153,obvious,25.0
2154,shouldn't,25.0
2155,disagree,25.0
2156,unhinged,25.0
2157,@suzi_taunton,25.0
2158,situations,25.0
2159,worried,25.0
2160,fear,24.0
2161,rage,24.0
2162,society,24.0
2163,@atrupar,24.0
2164,rant,24.0
2165,@ibegtodiffer6,24.0
2166,perhaps,24.0
2167,@jennife58996304,24.0
2168,protecting,24.0
2169,@ldr451,23.0
2170,spray,23.0
2171,incident,23.0
2172,@realcandaceo,23.0
2173,@morrowgirl2,23.0
2174,immediately,23.0
2175,burn,23.0
2176,option,23.0
2177,americans,23.0
2178,@mailonline,23.0
2179,@cavs2023champs,23.0
2180,actively,23.0
2181,esl,23.0
2182,large,23.0
2183,crime,23.0
2184,ridiculous,22.0
2185,non,22.0
2186,torn,22.0
2187,armed,22.0
2188,sh,22.0
2189,handle,22.0
2190,columbus,22.0
2191,kyle,22.0
2192,riots,21.0
2193,racists,21.0
2194,@kerry_wth,21.0
2195,charged,21.0
2196,@rancidginger,21.0
2197,excuse,21.0
2198,letter,21.0
2199,@radiofreetom,21.0
2200,lying,21.0
2201,everytime,21.0
2202,@fliptothemfflop,21.0
2203,replies,21.0
2204,korean,21.0
2205,pull,21.0
2206,political,21.0
2207,bullshit,21.0
2208,involved,21.0
2209,anxiety,21.0
2210,female,21.0
2211,@briankarem,21.0
2212,race,20.0
2213,politicians,20.0
2214,crowd,20.0
2215,difficult,20.0
2216,citizens,20.0
2217,fucked,20.0
2218,disarm,20.0
2219,view,20.0
2220,express,20.0
2221,gotten,20.0
2222,evidence,20.0
2223,speech,20.0
2224,owners,20.0
2225,danger,20.0
2226,@twinsinmaple,20.0
2227,republicans,20.0
2228,showed,20.0
2229,@laceycrisp,20.0
2230,doubt,20.0
2231,lack,19.0
2232,target,19.0
2233,@bigdumbidiotman,19.0
2234,react,19.0
2235,idiot,19.0
2236,@timspector,19.0
2237,ignorant,19.0
2238,@one_angry_chef,19.0
2239,@cotherhajat,19.0
2240,@shellysteiner33,19.0
2241,@worldresources,19.0
2242,choice,19.0
2243,@sainsburys,19.0
2244,@naomia281,19.0
2245,ugh,19.0
2246,hearing,19.0
2247,@thereallrickk,19.0
2248,@sophieattwoodw1,19.0
2249,avoid,19.0
2250,@sainsburysnews,19.0
2251,pillow,19.0
2252,reactions,19.0
2253,beyond,19.0
2254,cuts,19.0
2255,biden,18.0
2256,email,18.0
2257,curious,18.0
2258,le,18.0
2259,tweeting,18.0
2260,respond,18.0
2261,bullets,18.0
2262,shopping,18.0
2263,@bstewart27,18.0
2264,failed,18.0
2265,options,18.0
2266,aggressive,18.0
2267,noticed,18.0
2268,emoji,18.0
2269,throwing,18.0
2270,forgive,18.0
2271,@death_andpraxis,18.0
2272,male,18.0
2273,fault,18.0
2274,@notpk6,18.0
2275,bryant,18.0
2276,protest,18.0
2277,@somebaldguy69,18.0
2278,@dianewojnar,18.0
2279,fail,18.0
2280,sky,18.0
2281,25,18.0
2282,judge,18.0
2283,aim,18.0
2284,ben,18.0
2285,fired,17.0
2286,excessive,17.0
2287,@suehartson1,17.0
2288,screaming,17.0
2289,train,17.0
2290,poc,17.0
2291,pepper,17.0
2292,breaking,17.0
2293,hates,17.0
2294,laws,17.0
2295,@columbuspolice,17.0
2296,voting,17.0
2297,taught,17.0
2298,qasim,17.0
2299,slow,17.0
2300,@angry_birdu,17.0
2301,muhammad,17.0
2302,mouth,17.0
2303,brown,17.0
2304,feet,17.0
2305,property,17.0
2306,assume,17.0
2307,murdering,17.0
2308,anxious,17.0
2309,bigger,17.0
2310,mustafi,17.0
2311,tough,17.0
2312,teen,17.0
2313,accountable,17.0
2314,majority,17.0
2315,dying,17.0
2316,pulled,17.0
2317,faces,17.0
2318,ho,17.0
2319,effective,17.0
2320,exhausted,17.0
2321,grocery,17.0
2322,somehow,17.0
2323,ignore,17.0
2324,@honestlyalie,16.0
2325,hurting,16.0
2326,enforcement,16.0
2327,@soulscarred71,16.0
2328,makhiabryant,16.0
2329,faced,16.0
2330,hurts,16.0
2331,president,16.0
2332,murderer,16.0
2333,negative,16.0
2334,yelling,16.0
2335,@d_anthony36,16.0
2336,mid,16.0
2337,ang,16.0
2338,protests,16.0
2339,justify,16.0
2340,maxine,16.0
2341,arms,16.0
2342,wi,16.0
2343,court,16.0
2344,possibly,16.0
2345,shootings,16.0
2346,hateful,16.0
2347,narrative,16.0
2348,reaction,16.0
2349,fights,16.0
2350,criminal,16.0
2351,@totalplug,16.0
2352,broken,16.0
2353,streets,16.0
2354,allow,16.0
2355,waters,16.0
2356,countries,16.0
2357,common,16.0
2358,fuckin,16.0
2359,nonsense,16.0
2360,hospital,15.0
2361,ohio,15.0
2362,walked,15.0
2363,@mzkarmad,15.0
2364,bin,15.0
2365,tf,15.0
2366,congress,15.0
2367,teenager,15.0
2368,lawyer,15.0
2369,legal,15.0
2370,charge,15.0
2371,claim,15.0
2372,sadly,15.0
2373,chelsea,15.0
2374,massive,15.0
2375,@smitchesto,15.0
2376,awful,15.0
2377,republican,15.0
2378,ab,15.0
2379,standing,15.0
2380,swinging,15.0
2381,@breenewsome,15.0
2382,nope,15.0
2383,decide,15.0
2384,@natsechobbyist,15.0
2385,legit,14.0
2386,@walshfreedom,14.0
2387,pimply,14.0
2388,bullet,14.0
2389,chased,14.0
2390,2018,14.0
2391,aware,14.0
2392,@cskian000,14.0
2393,attempting,14.0
2394,boyfriend,14.0
2395,statement,14.0
2396,@kendradrake94,14.0
2397,constantly,14.0
2398,barely,14.0
2399,@angry_voice,14.0
2400,@chris_blue2020,14.0
2401,wound,14.0
2402,miserable,14.0
2403,typical,14.0
2404,wrath,14.0
2405,ffs,14.0
2406,whose,14.0
2407,chief,14.0
2408,govt,14.0
2409,points,14.0
2410,abused,14.0
2411,supporters,14.0
2412,rude,14.0
2413,dropped,14.0
2414,@kexican,14.0
2415,mess,14.0
2416,vision,14.0
2417,sake,14.0
2418,@mistermike92660,14.0
2419,60+yowf,14.0
2420,answers,14.0
2421,exact,14.0
2422,don,14.0
2423,arguing,13.0
2424,upon,13.0
2425,convicted,13.0
2426,privilege,13.0
2427,@notrealaoc,13.0
2428,within,13.0
2429,sleeping,13.0
2430,noises,13.0
2431,tragic,13.0
2432,lazy,13.0
2433,shocked,13.0
2434,fat,13.0
2435,they'll,13.0
2436,waste,13.0
2437,mobs,13.0
2438,properly,13.0
2439,foster,13.0
2440,brewbound:,13.0
2441,position,13.0
2442,argue,13.0
2443,oc,13.0
2444,relieved,13.0
2445,understanding,13.0
2446,stops,13.0
2447,nor,13.0
2448,cried,13.0
2449,ex,13.0
2450,weapons,13.0
2451,careful,13.0
2452,brutality,13.0
2453,screen,13.0
2454,makhia,13.0
2455,@banquothe,13.0
2456,attempt,13.0
2457,@mariolopezmal,13.0
2458,itself,13.0
2459,unarmed,13.0
2460,@texasmom__,13.0
2461,otherwise,13.0
2462,stressed,13.0
2463,feed,13.0
2464,policing,13.0
2465,@casstalksalot,13.0
2466,accountability,13.0
2467,heartbroken,13.0
2468,punch,13.0
2469,specific,13.0
2470,politics,13.0
2471,biracial,13.0
2472,necessary,13.0
2473,conservatives,12.0
2474,split,12.0
2475,@summerbuck,12.0
2476,destroy,12.0
2477,shoes,12.0
2478,crisis,12.0
2479,lion,12.0
2480,minister,12.0
2481,entitled,12.0
2482,@authordelrey,12.0
2483,@mrandyngo,12.0
2484,waking,12.0
2485,threatened,12.0
2486,abdul,12.0
2487,@rjeanroberts,12.0
2488,logic,12.0
2489,closed,12.0
2490,amhara,12.0
2491,cruel,12.0
2492,@frankkhaliduk,12.0
2493,fed,12.0
2494,asshole,12.0
2495,regardless,12.0
2496,@projectlincoln,12.0
2497,decisions,12.0
2498,killer,12.0
2499,schalke,12.0
2500,arsenal,12.0
2501,knives,12.0
2502,anti,12.0
2503,@bigwhoaaaong,12.0
2504,term,12.0
2505,@southernhavok,12.0
2506,gods,12.0
2507,insult,12.0
2508,foxnews,12.0
2509,nigerians,12.0
2510,@mstaken71340699,12.0
2511,tryna,12.0
2512,@tolkienmike,12.0
2513,fails,12.0
2514,christian,12.0
2515,@timcast,12.0
2516,hating,12.0
2517,rule,12.0
2518,yell,12.0
2519,owner,12.0
2520,result,12.0
2521,according,12.0
2522,neck,12.0
2523,outrage,12.0
2524,somewhere,12.0
2525,normally,12.0
2526,actress,12.0
2527,emotion,12.0
2528,opinions,12.0
2529,window,12.0
2530,gop,12.0
2531,coz,12.0
2532,arrested,12.0
2533,vaccines,12.0
2534,idiots,12.0
2535,scream,12.0
2536,remembered,12.0
2537,committed,12.0
2538,youth,12.0
2539,bs,12.0
2540,veteran,12.0
2541,thousands,12.0
2542,rarely,12.0
2543,questioning,12.0
2544,expression,12.0
2545,report,12.0
2546,nuts,12.0
2547,proof,12.0
2548,note,12.0
2549,parent,12.0
2550,shouting,12.0
2551,received,12.0
2552,mistake,12.0
2553,comedienne,12.0
2554,european,11.0
2555,ba,11.0
2556,@noamchomskyt,11.0
2557,@nypost,11.0
2558,mentioned,11.0
2559,blaming,11.0
2560,consequences,11.0
2561,cities,11.0
2562,continues,11.0
2563,nfl,11.0
2564,tiny,11.0
2565,nerd,11.0
2566,@abc,11.0
2567,boycott,11.0
2568,jordan,11.0
2569,@charliefox_1984,11.0
2570,slightly,11.0
2571,total,11.0
2572,lied,11.0
2573,department,11.0
2574,rain,11.0
2575,treated,11.0
2576,views,11.0
2577,camera,11.0
2578,helpless,11.0
2579,speaks,11.0
2580,@borisjohnson,11.0
2581,b/c,11.0
2582,harm,11.0
2583,selfish,11.0
2584,karim,11.0
2585,kick,11.0
2586,*,11.0
2587,tazer,11.0
2588,daughter's,11.0
2589,masks,11.0
2590,officials,11.0
2591,size,11.0
2592,pharmacists,11.0
2593,differently,11.0
2594,besides,11.0
2595,risk,11.0
2596,hatred,11.0
2597,@evlhornet01,11.0
2598,customers,11.0
2599,piss,11.0
2600,taste,11.0
2601,@mayer94455909,11.0
2602,stopping,11.0
2603,reasonable,11.0
2604,disrespectful,11.0
2605,noises*,11.0
2606,@ign,11.0
2607,period,11.0
2608,abo,11.0
2609,@foxnews,11.0
2610,attempted,11.0
2611,tr,11.0
2612,leaders,11.0
2613,trans,11.0
2614,carry,11.0
2615,non-lethal,11.0
2616,anybody,11.0
2617,mark,11.0
2618,accounts,11.0
2619,cases,11.0
2620,begging,11.0
2621,lonely,11.0
2622,riot,11.0
2623,india,11.0
2624,moved,11.0
2625,suicide,11.0
2626,talked,11.0
2627,@gop,11.0
2628,appears,11.0
2629,hasn't,11.0
2630,security,11.0
2631,theyve,11.0
2632,therapist,11.0
2633,tone,11.0
2634,@jim_jordan,11.0
2635,posts,11.0
2636,sin,11.0
2637,kiss,11.0
2638,@thebrooktown,11.0
2639,wondered,11.0
2640,wall,11.0
2641,patient,11.0
2642,allah's,11.0
2643,les,149.0
2644,rip,132.0
2645,@sad_istfried,119.0
2646,rollers,89.0
2647,bay,84.0
2648,mckeown,76.0
2649,@lesmckeownuk,58.0
2650,smh,45.0
2651,pathetic,45.0
2652,generation,41.0
2653,condolences,36.0
2654,passing,35.0
2655,*sad,31.0
2656,affairs,31.0
2657,milk,30.0
2658,:((,30.0
2659,prayers,30.0
2660,@sitaramyechury,28.0
2661,65,28.0
2662,playlist,28.0
2663,:/,27.0
2664,nigga,26.0
2665,lyrics,26.0
2666,band,26.0
2667,funeral,25.0
2668,oxygen,24.0
2669,lived,23.0
2670,dies,23.0
2671,tubbo,23.0
2672,empty,23.0
2673,cheer,22.0
2674,tfatws,22.0
2675,demise,21.0
2676,shravan,21.0
2677,@narendramodi,21.0
2678,suddenly,21.0
2679,depression,21.0
2680,desperate,20.0
2681,@thedsmpgames,20.0
2682,om,20.0
2683,lore,19.0
2684,70s,19.0
2685,mum,19.0
2686,accept,19.0
2687,everywhere,19.0
2688,clown,19.0
2689,shanti,19.0
2690,suffering,19.0
2691,aged,18.0
2692,sold,18.0
2693,baycityrollers,18.0
2694,although,18.0
2695,soft,18.0
2696,ranboo,18.0
2697,goodbye,18.0
2698,terribly,17.0
2699,career,17.0
2700,tommy,17.0
2701,boi,17.0
2702,@jackposobiec,17.0
2703,lesmckeown,17.0
2704,tartan,16.0
2705,@hawleymo,16.0
2706,@eminem,16.0
2707,ik,16.0
2708,@cnn,15.0
2709,drugs,15.0
2710,sadness,15.0
2711,proper,15.0
2712,@fordnation,15.0
2713,@shashitharoor,15.0
2714,sees,15.0
2715,@sad_lakers_fan,15.0
2716,heartbreaking,15.0
2717,indian,15.0
2718,@eman_is_sad,15.0
2719,falling,15.0
2720,ima,14.0
2721,@jack,14.0
2722,cos,14.0
2723,fell,14.0
2724,states,14.0
2725,leaves,14.0
2726,@artie_is_sad,14.0
2727,senate,14.0
2728,industry,14.0
2729,lmfao,14.0
2730,cancelled,14.0
2731,goin,14.0
2732,yup,14.0
2733,daddy,14.0
2734,pretend,14.0
2735,singer,14.0
2736,hype,14.0
2737,@nickakanicholas,14.0
2738,disturbing,13.0
2739,@bbcbreaking,13.0
2740,fix,13.0
2741,cus,13.0
2742,@sad_laehcim,13.0
2743,decades,13.0
2744,puts,13.0
2745,@callofduty,13.0
2746,90s,13.0
2747,tax,13.0
2748,riplesmckeown,13.0
2749,form,13.0
2750,@snuurid,13.0
2751,daunte,13.0
2752,listened,13.0
2753,expected,13.0
2754,grew,13.0
2755,suppose,13.0
2756,speaking,13.0
2757,neither,13.0
2758,covid-19,13.0
2759,director,13.0
2760,asian,13.0
2761,praying,13.0
2762,:&lt,13.0
2763,@reuters,12.0
2764,famous,12.0
2765,@bungie,12.0
2766,chose,12.0
2767,arc,12.0
2768,stans,12.0
2769,humans,12.0
2770,patients,12.0
2771,raise,12.0
2772,painful,12.0
2773,refuse,12.0
2774,problems,12.0
2775,brothers,12.0
2776,atleast,12.0
2777,eric,12.0
2778,potential,12.0
2779,fi,12.0
2780,@mattwalshblog,12.0
2781,ignorance,12.0
2782,bank,12.0
2783,millions,12.0
2784,theyll,12.0
2785,depressing,12.0
2786,weak,12.0
2787,sight,12.0
2788,@i_lusie,12.0
2789,hai,12.0
2790,bcr,12.0
2791,nation,12.0
2792,@jschlatt,12.0
2793,@cul_de_sad,11.0
2794,teenage,11.0
2795,unfair,11.0
2796,willing,11.0
2797,desperately,11.0
2798,@oprah,11.0
2799,snowfall,11.0
2800,manga,11.0
2801,@breaking911,11.0
2802,@cbsnews,11.0
2803,obsessed,11.0
2804,passes,11.0
2805,blind,11.0
2806,heartbreak,11.0
2807,seemed,11.0
2808,quotes,11.0
2809,exists,11.0
2810,manhunt,11.0
2811,anywhere,11.0
2812,ordered,11.0
2813,arthur,11.0
2814,ignored,11.0
2815,nooo,11.0
2816,@thatericalper,11.0
2817,frontman,11.0
2818,@andrewhuang,11.0
2819,humanity,11.0
2820,remind,11.0
2821,stock,11.0
2822,ted,11.0
2823,bf,11.0
2824,fa,11.0
2825,@360_trader,11.0
2826,quit,11.0
2827,destroyed,11.0
